,iteration,grasp_status,total_time,solution_time_sim,solution_time_real,grasp_pose_time,grasp_pose_estimate,offset,grip_time
0,1,FAIL,6.797,0.02,0.02,3.747,7.1049486139999996,-3.3579486139999997,1.2770000000000001
1,2,FAIL,4.072,0.068,0.068,3.823,6.17814327,-2.3551432699999997,0.04
