,Estimate_init_pregrasp,Time_init_pregrasp,Differnce_init_pregrasp,Estimate_pregrasp_grasp,Time_pregrasp_grasp,Differnce_pregrasp_grasp,Time_grip,Estimate_grasp_postgrasp,Time_grasp_postgrasp,Differnce_grasp_postgrasp,Grasp
0,3.79556134,3.84,0.04443865999999996,1.859026316,1.899,0.03997368400000001,2.399,1.86214505,1.903,0.040854949999999945,SUCCESS
1,3.795838049,3.834,0.038161951000000194,1.860102107,1.899,0.03889789300000013,2.403,1.864595521,1.8940000000000001,0.029404479000000094,SUCCESS
