,iteration,grasp_status,total_time,solution_time_sim,solution_time_real,grasp_pose_time,grasp_pose_estimate,offset,grip_time
0,1,SUCCESS,6.257,0.037,0.037,3.091,2.989763517,0.1012364830000001,1.2730000000000001
1,2,SUCCESS,6.857,0.143,0.143,3.678,3.5641814370000002,0.1138185629999997,1.263
