,iteration,grasp_status,total_time,solution_time_sim,solution_time_real,solution_time_offset,grasp_pose_time,grasp_pose_estimate,offset,grip_time,trans_grasp
0,1,FAIL,11.894,6.335,8.61283278465271,2.27783278465271,3.214,3.041606689,0.172393311,0.643,-0.13600000000000043
1,2,FAIL,10.788,5.372,9.1651451587677,3.7931451587677003,3.108,2.9179303169999997,0.19006968300000038,0.637,-0.11600000000000042
